Purchase Order #,Distribution Center ID,Distribution Center,Date Marked as Shipped,Amount Paid to Vendor,invoice number
8870828384162,620962,K And N Engineering Inc - Riverside CA,20220326,33.7,8085931-01
9870842657591,620962,K And N Engineering Inc - Riverside CA,20220326,32.51,8088148-01
9870855032193,620962,K And N Engineering Inc - Riverside CA,20220326,5.35,8089201-01
8870791415311,620962,K And N Engineering Inc - Riverside CA,20220326,27.26,8082924-01
8870805007093,620962,K And N Engineering Inc - Riverside CA,20220326,24.45,8084092-01
8870817195475,620962,K And N Engineering Inc - Riverside CA,20220326,6.02,8085317-01
8870817637147,620962,K And N Engineering Inc - Riverside CA,20220326,5.41,8085580-01
7870788375461,620962,K And N Engineering Inc - Riverside CA,20220326,6.71,8081582-01
8870817356025,620962,K And N Engineering Inc - Riverside CA,20220326,33.22,8085318-01
8870817499636,620962,K And N Engineering Inc - Riverside CA,20220326,3.16,8085488-01
9870854924684,620962,K And N Engineering Inc - Riverside CA,20220326,33.7,8089184-01
8870817278585,620962,K And N Engineering Inc - Riverside CA,20220326,38.63,8085299-01
8870790262196,620962,K And N Engineering Inc - Riverside CA,20220326,47.65,8082940-01
8870803497797,620962,K And N Engineering Inc - Riverside CA,20220326,21.48,8083690-01
8870805294523,620962,K And N Engineering Inc - Riverside CA,20220326,310.21,8084200-01
8870829237776,620962,K And N Engineering Inc - Riverside CA,20220326,5.41,8086407-01
8870815784849,620962,K And N Engineering Inc - Riverside CA,20220326,3.79,8084882-01
9870854662978,620962,K And N Engineering Inc - Riverside CA,20220326,2.89,8089107-01
6870749928658,620962,K And N Engineering Inc - Riverside CA,20220326,123.5,8076975-01
7870788930081,620962,K And N Engineering Inc - Riverside CA,20220326,25.59,8081774-01
9870831259573,620962,K And N Engineering Inc - Riverside CA,20220326,23.07,8087502-01
8870803366593,620962,K And N Engineering Inc - Riverside CA,20220326,16.6,8083661-01
8870829695409,620962,K And N Engineering Inc - Riverside CA,20220326,27.23,8086701-01
8870792226114,620962,K And N Engineering Inc - Riverside CA,20220326,7.02,8083221-01
8870828142582,620962,K And N Engineering Inc - Riverside CA,20220326,11.36,8085851-01
8870817772143,620962,K And N Engineering Inc - Riverside CA,20220326,34.28,8085636-01
8870829988356,620962,K And N Engineering Inc - Riverside CA,20220326,33.7,8086831-01
8870817334664,620962,K And N Engineering Inc - Riverside CA,20220326,108.92,8085348-01
8870816284729,620962,K And N Engineering Inc - Riverside CA,20220326,42.62,8084796-01
8870804604447,620962,K And N Engineering Inc - Riverside CA,20220326,7.65,8083991-01
8870804793240,620962,K And N Engineering Inc - Riverside CA,20220326,21.48,8084042-01
9870855972458,620962,K And N Engineering Inc - Riverside CA,20220326,4.41,8089586-01
9870855749373,620962,K And N Engineering Inc - Riverside CA,20220326,3.03,8089513-01
8870804846772,620962,K And N Engineering Inc - Riverside CA,20220326,6.6,8084044-01
8870805064538,620962,K And N Engineering Inc - Riverside CA,20220326,6.55,8084094-01
9870842521890,620962,K And N Engineering Inc - Riverside CA,20220326,241.27,8088107-01
8870816335383,620962,K And N Engineering Inc - Riverside CA,20220326,33.7,8085121-01
8870815822200,620962,K And N Engineering Inc - Riverside CA,20220326,6.24,8084438-01
9870841324835,620962,K And N Engineering Inc - Riverside CA,20220326,4,8088028-01
9870842395079,620962,K And N Engineering Inc - Riverside CA,20220326,22.97,8088046-01
8870817750284,620962,K And N Engineering Inc - Riverside CA,20220326,5.41,8085657-01
9870854705918,620962,K And N Engineering Inc - Riverside CA,20220326,33.7,8089157-01
8870790602982,620962,K And N Engineering Inc - Riverside CA,20220326,241.27,8082657-01
9870842671187,620962,K And N Engineering Inc - Riverside CA,20220326,25.59,8088140-01
8870791913757,620962,K And N Engineering Inc - Riverside CA,20220326,27.23,8083146-01
9870856127505,620962,K And N Engineering Inc - Riverside CA,20220326,23.07,8089696-01
9870842490328,620962,K And N Engineering Inc - Riverside CA,20220326,24.51,8088029-01
9870831500671,620962,K And N Engineering Inc - Riverside CA,20220326,3.97,8087553-01
8870829081137,620962,K And N Engineering Inc - Riverside CA,20220326,38.38,8086296-01
8870792870131,620962,K And N Engineering Inc - Riverside CA,20220326,6.71,8083504-01
9870844039767,620962,K And N Engineering Inc - Riverside CA,20220326,5.41,8088797-01
8870803008054,620962,K And N Engineering Inc - Riverside CA,20220326,57.22,8083546-01
8870790578654,620962,K And N Engineering Inc - Riverside CA,20220326,66.12,8082621-01
8870792888076,620962,K And N Engineering Inc - Riverside CA,20220326,33.7,8083505-01
9870830116935,620962,K And N Engineering Inc - Riverside CA,20220326,10.02,8086918-01
8870790629184,620962,K And N Engineering Inc - Riverside CA,20220326,4.41,8082688-01
9870844209099,620962,K And N Engineering Inc - Riverside CA,20220326,21.48,8088863-01
8870848107000,620962,K And N Engineering Inc - Riverside CA,20220326,29.49,8088683-01
9870820008506,620962,K And N Engineering Inc - Riverside CA,20220326,5.68,8086854-01
8870790902970,620962,K And N Engineering Inc - Riverside CA,20220326,19.61,8083145-01
7870789363923,620962,K And N Engineering Inc - Riverside CA,20220326,17.5,8081975-01
7870765292941,620962,K And N Engineering Inc - Riverside CA,20220326,39.82,8079951-01
7870777451701,620962,K And N Engineering Inc - Riverside CA,20220326,54.46,8081077-01
8870828206332,620962,K And N Engineering Inc - Riverside CA,20220326,5.41,8085868-01
8870803280178,620962,K And N Engineering Inc - Riverside CA,20220326,5.68,8083638-01
9870855750939,620962,K And N Engineering Inc - Riverside CA,20220326,7.02,8089468-01
9870831702040,620962,K And N Engineering Inc - Riverside CA,20220326,6.66,8087945-01
8870805574474,620962,K And N Engineering Inc - Riverside CA,20220326,31.53,8084313-01
8870791066963,620962,K And N Engineering Inc - Riverside CA,20220326,32.99,8082819-01
9870842448832,620962,K And N Engineering Inc - Riverside CA,20220326,5.68,8088034-01
8870816016067,620962,K And N Engineering Inc - Riverside CA,20220326,3.16,8084510-01
8870815738632,620962,K And N Engineering Inc - Riverside CA,20220326,10.02,8084387-01
9870830398512,620962,K And N Engineering Inc - Riverside CA,20220326,236.97,8087034-01
8870829159562,620962,K And N Engineering Inc - Riverside CA,20220326,20.42,8086348-01
9870832042212,620962,K And N Engineering Inc - Riverside CA,20220326,23.32,8087817-01
9870831950254,620962,K And N Engineering Inc - Riverside CA,20220326,241.27,8087738-01
9870854874514,620962,K And N Engineering Inc - Riverside CA,20220326,33.7,8089173-01
8870805050158,620962,K And N Engineering Inc - Riverside CA,20220326,39.42,8084093-01
9870831392332,620962,K And N Engineering Inc - Riverside CA,20220326,32.7,8087464-01
9870842537031,620962,K And N Engineering Inc - Riverside CA,20220326,5.78,8088084-01
9870831384992,620962,K And N Engineering Inc - Riverside CA,20220326,241.27,8087525-01
9870831635014,620962,K And N Engineering Inc - Riverside CA,20220326,10.27,8087616-01
8870815946911,620962,K And N Engineering Inc - Riverside CA,20220326,33.36,8084514-01
8870812088263,620962,K And N Engineering Inc - Riverside CA,20220326,27.23,8084409-01
8870828254437,620962,K And N Engineering Inc - Riverside CA,20220326,24.51,8085901-01
8870815897511,620962,K And N Engineering Inc - Riverside CA,20220326,5.24,8084521-01
8870792456959,620962,K And N Engineering Inc - Riverside CA,20220326,2.36,8083373-01
9870830047128,620962,K And N Engineering Inc - Riverside CA,20220326,3.56,8086885-01
8870790863823,620962,K And N Engineering Inc - Riverside CA,20220326,5.68,8083359-01
9870844432197,620962,K And N Engineering Inc - Riverside CA,20220326,2.89,8088957-01
8870829237777,620962,K And N Engineering Inc - Riverside CA,20220326,5.41,8086408-01
8870780344076,620962,K And N Engineering Inc - Riverside CA,20220326,9.68,8082395-01
9870856300782,620962,K And N Engineering Inc - Riverside CA,20220326,25.59,8089759-01
8870790910299,620962,K And N Engineering Inc - Riverside CA,20220326,3.97,8082778-01
9870843815667,620962,K And N Engineering Inc - Riverside CA,20220326,1.98,8088796-01
8870803972609,620962,K And N Engineering Inc - Riverside CA,20220326,10.48,8084199-01
9870841842922,620962,K And N Engineering Inc - Riverside CA,20220326,241.27,8088099-01
7870826322848,620962,K And N Engineering Inc - Riverside CA,20220326,6.71,8086228-02
9870830698053,620962,K And N Engineering Inc - Riverside CA,20220326,33.7,8087158-01
8870828926511,620962,K And N Engineering Inc - Riverside CA,20220326,42.88,8086194-01
8870815615358,620962,K And N Engineering Inc - Riverside CA,20220326,39.1,8084377-01
9870842675579,620962,K And N Engineering Inc - Riverside CA,20220326,10.77,8088149-01
8870817780400,620962,K And N Engineering Inc - Riverside CA,20220326,6.96,8085658-01
8870804250214,620962,K And N Engineering Inc - Riverside CA,20220326,241.27,8083803-01
7870787960478,620962,K And N Engineering Inc - Riverside CA,20220326,4.41,8081778-01
8870829989292,620962,K And N Engineering Inc - Riverside CA,20220326,6.02,8086871-01
7870784250991,620962,K And N Engineering Inc - Riverside CA,20220326,58.21,8081606-01
9870830280079,620962,K And N Engineering Inc - Riverside CA,20220326,21.48,8086950-01
8870815820241,620962,K And N Engineering Inc - Riverside CA,20220326,27.23,8084437-01
7870775561656,620962,K And N Engineering Inc - Riverside CA,20220326,11.1,8080663-01
9870831663091,620962,K And N Engineering Inc - Riverside CA,20220326,5.68,8087651-01
8870805515304,620962,K And N Engineering Inc - Riverside CA,20220326,5.39,8084334-01
9870830247139,620962,K And N Engineering Inc - Riverside CA,20220326,39.83,8086965-01
8870815959439,620962,K And N Engineering Inc - Riverside CA,20220326,6.4,8084539-01
8870790858595,620962,K And N Engineering Inc - Riverside CA,20220326,6.24,8082771-01
8870829459323,620962,K And N Engineering Inc - Riverside CA,20220326,5.01,8086523-01
9870842736961,620962,K And N Engineering Inc - Riverside CA,20220326,4.78,8088155-01
7870789433325,620962,K And N Engineering Inc - Riverside CA,20220326,23.8,8081976-01
9870831704239,620962,K And N Engineering Inc - Riverside CA,20220326,21.48,8087617-01
9870830396713,620962,K And N Engineering Inc - Riverside CA,20220326,31.43,8087049-01
9870854704787,620962,K And N Engineering Inc - Riverside CA,20220326,58.21,8089127-01
8870792532293,620962,K And N Engineering Inc - Riverside CA,20220326,32.37,8083375-01
9870831834783,620962,K And N Engineering Inc - Riverside CA,20220326,2.14,8087737-01
9870844215739,620962,K And N Engineering Inc - Riverside CA,20220326,31.53,8088892-01
9870831808321,620962,K And N Engineering Inc - Riverside CA,20220326,5.68,8087932-01
8870839580747,620962,K And N Engineering Inc - Riverside CA,20220326,44.2,8086931-01
9870832054818,620962,K And N Engineering Inc - Riverside CA,20220326,6.32,8087865-01
8870817789012,620962,K And N Engineering Inc - Riverside CA,20220326,33.7,8085703-01
9870854548307,620962,K And N Engineering Inc - Riverside CA,20220326,4.41,8089018-01
7870788705476,620962,K And N Engineering Inc - Riverside CA,20220326,24.51,8081754-01
9870855500818,620962,K And N Engineering Inc - Riverside CA,20220326,3.56,8089370-01
8870828335399,620962,K And N Engineering Inc - Riverside CA,20220326,33.22,8085936-01
8870780046355,620962,K And N Engineering Inc - Riverside CA,20220326,2.89,8082237-01
9870855864483,620962,K And N Engineering Inc - Riverside CA,20220326,16.5,8089528-01
8870790988120,620962,K And N Engineering Inc - Riverside CA,20220326,6.24,8083360-01
8870803234220,620962,K And N Engineering Inc - Riverside CA,20220326,24.51,8083629-01
8870829720096,620962,K And N Engineering Inc - Riverside CA,20220326,5.41,8086630-01
8870829778455,620962,K And N Engineering Inc - Riverside CA,20220326,6.02,8086703-01
9870842525876,620962,K And N Engineering Inc - Riverside CA,20220326,289.52,8088116-01
8870829474716,620962,K And N Engineering Inc - Riverside CA,20220326,4.04,8086451-01
9870830164124,620962,K And N Engineering Inc - Riverside CA,20220326,2.46,8087068-01
8870791588164,620962,K And N Engineering Inc - Riverside CA,20220326,5.68,8082955-01
8870817142950,620962,K And N Engineering Inc - Riverside CA,20220326,4.41,8085276-01
9870830153675,620962,K And N Engineering Inc - Riverside CA,20220326,2.14,8086953-01
8870829623800,620962,K And N Engineering Inc - Riverside CA,20220326,10.3,8086651-01
8870815996466,620962,K And N Engineering Inc - Riverside CA,20220326,6.02,8084522-01
8870817739109,620962,K And N Engineering Inc - Riverside CA,20220326,5.01,8085665-01
9870831754020,620962,K And N Engineering Inc - Riverside CA,20220326,39.82,8087618-01
9870842497700,620962,K And N Engineering Inc - Riverside CA,20220326,20.1,8088090-01
9870844238240,620962,K And N Engineering Inc - Riverside CA,20220326,6.24,8088807-01
9870854906932,620962,K And N Engineering Inc - Riverside CA,20220326,32.73,8089187-01
8870791015734,620962,K And N Engineering Inc - Riverside CA,20220326,236.97,8082862-01
8870802995842,620962,K And N Engineering Inc - Riverside CA,20220326,27.23,8083594-01
8870815842921,620962,K And N Engineering Inc - Riverside CA,20220326,3.03,8084469-01
8870780546033,620962,K And N Engineering Inc - Riverside CA,20220326,6.24,8082555-01
8870805033207,620962,K And N Engineering Inc - Riverside CA,20220326,39.82,8084127-01
9870854711899,620962,K And N Engineering Inc - Riverside CA,20220326,6.95,8089161-01
8870791498776,620962,K And N Engineering Inc - Riverside CA,20220326,4.41,8082943-01
8870828223163,620962,K And N Engineering Inc - Riverside CA,20220326,33.7,8085907-01
8870829514591,620962,K And N Engineering Inc - Riverside CA,20220326,33.01,8086484-01
8870803058921,620962,K And N Engineering Inc - Riverside CA,20220326,6.51,8083596-01
7870765693452,620962,K And N Engineering Inc - Riverside CA,20220326,6.71,8080225-01
9870856393034,620962,K And N Engineering Inc - Riverside CA,20220326,3.97,8089850-01
8870815599898,620962,K And N Engineering Inc - Riverside CA,20220326,5.68,8084559-01
9870856374295,620962,K And N Engineering Inc - Riverside CA,20220326,3.16,8089774-01
9870856406752,620962,K And N Engineering Inc - Riverside CA,20220326,6.55,8089830-01
8870802357909,620962,K And N Engineering Inc - Riverside CA,20220326,4.41,8083578-01
8870792455170,620962,K And N Engineering Inc - Riverside CA,20220326,4,8083389-01
8870815816723,620962,K And N Engineering Inc - Riverside CA,20220326,6.12,8084455-01
8870815705183,620962,K And N Engineering Inc - Riverside CA,20220326,289.52,8084410-01
8870829791683,620962,K And N Engineering Inc - Riverside CA,20220326,5.68,8086785-01
9870843880310,620962,K And N Engineering Inc - Riverside CA,20220326,3.16,8088617-01
9870851762697,620962,K And N Engineering Inc - Riverside CA,20220326,6.02,8089166-01
9870854708552,620962,K And N Engineering Inc - Riverside CA,20220326,241.27,8089129-01
8870805433367,620962,K And N Engineering Inc - Riverside CA,20220326,7.65,8084280-01
9870831252465,620962,K And N Engineering Inc - Riverside CA,20220326,7.02,8087408-01
8870810932622,620962,K And N Engineering Inc - Riverside CA,20220326,33.7,8084763-01
8870829313353,620962,K And N Engineering Inc - Riverside CA,20220326,11.36,8086409-01
8870804441702,620962,K And N Engineering Inc - Riverside CA,20220326,7.02,8083888-01
9870830314966,620962,K And N Engineering Inc - Riverside CA,20220326,26.35,8087010-01
8870801561168,620962,K And N Engineering Inc - Riverside CA,20220326,26.45,8084156-01
9870842447811,620962,K And N Engineering Inc - Riverside CA,20220326,7.42,8088554-01
9870831062800,620962,K And N Engineering Inc - Riverside CA,20220326,6.24,8087349-01
8870805433368,620962,K And N Engineering Inc - Riverside CA,20220326,4.41,8084281-01
9870830849587,620962,K And N Engineering Inc - Riverside CA,20220326,33.7,8087264-01
9870855735063,620962,K And N Engineering Inc - Riverside CA,20220326,7.28,8089512-01
8870829706753,620962,K And N Engineering Inc - Riverside CA,20220326,27.23,8086801-01
9870830307975,620962,K And N Engineering Inc - Riverside CA,20220326,6.6,8087054-01
8870829503787,620962,K And N Engineering Inc - Riverside CA,20220326,56.33,8086555-01
8870828051437,620962,K And N Engineering Inc - Riverside CA,20220326,5.78,8085849-01
8870802931733,620962,K And N Engineering Inc - Riverside CA,20220326,11.7,8083579-01
8870816284730,620962,K And N Engineering Inc - Riverside CA,20220326,29.78,8084797-01
9870831566552,620962,K And N Engineering Inc - Riverside CA,20220326,3.23,8087578-01
9870830771133,620962,K And N Engineering Inc - Riverside CA,20220326,6.02,8087226-01
8870803520281,620962,K And N Engineering Inc - Riverside CA,20220326,39.82,8083678-01
9870830394110,620962,K And N Engineering Inc - Riverside CA,20220326,33.7,8087011-01
8870803871536,620962,K And N Engineering Inc - Riverside CA,20220326,289.52,8083742-01
8870803294719,620962,K And N Engineering Inc - Riverside CA,20220326,25.59,8083650-01
9870831577529,620962,K And N Engineering Inc - Riverside CA,20220326,183.83,8087596-01
9870830141258,620962,K And N Engineering Inc - Riverside CA,20220326,32.43,8086949-01
8870839696665,620962,K And N Engineering Inc - Riverside CA,20220326,24.51,8087736-01
9870844157319,620962,K And N Engineering Inc - Riverside CA,20220326,21.48,8088818-01
8870803179240,620962,K And N Engineering Inc - Riverside CA,20220326,33.7,8084221-01
9870830895429,620962,K And N Engineering Inc - Riverside CA,20220326,7.8,8087274-01
9870842529399,620962,K And N Engineering Inc - Riverside CA,20220326,6.02,8088097-01
8870827906788,620962,K And N Engineering Inc - Riverside CA,20220326,5.01,8085736-01
8870817639038,620962,K And N Engineering Inc - Riverside CA,20220326,14.04,8085512-01
9870842460700,620962,K And N Engineering Inc - Riverside CA,20220326,73.53,8088035-01
9870844211902,620962,K And N Engineering Inc - Riverside CA,20220326,241.27,8088910-01
8870816840873,620962,K And N Engineering Inc - Riverside CA,20220326,24.51,8085070-01
9870830362082,620962,K And N Engineering Inc - Riverside CA,20220326,4.41,8086991-01
8870804618800,620962,K And N Engineering Inc - Riverside CA,20220326,32.49,8083992-01
8870817787570,620962,K And N Engineering Inc - Riverside CA,20220326,5.41,8085735-01
8870791161712,620962,K And N Engineering Inc - Riverside CA,20220326,9.7,8082884-01
9870854325713,620962,K And N Engineering Inc - Riverside CA,20220326,17.37,8088979-01
9870842814221,620962,K And N Engineering Inc - Riverside CA,20220326,5.04,8088169-01
8870805361411,620962,K And N Engineering Inc - Riverside CA,20220326,7.8,8084261-01
8870790971267,620962,K And N Engineering Inc - Riverside CA,20220326,27.23,8083220-01
8870804641030,620962,K And N Engineering Inc - Riverside CA,20220326,5.39,8083999-01
9870843950630,620962,K And N Engineering Inc - Riverside CA,20220326,20.2,8088667-01
9870844021362,620962,K And N Engineering Inc - Riverside CA,20220326,123.5,8088761-01
7870765822613,620962,K And N Engineering Inc - Riverside CA,20220326,5.39,8080242-01
9870855397958,620962,K And N Engineering Inc - Riverside CA,20220326,39.78,8089380-01
8870817118679,620962,K And N Engineering Inc - Riverside CA,20220326,15.6,8085237-01
9870830470325,620962,K And N Engineering Inc - Riverside CA,20220326,36.76,8087055-01
9870830332888,620962,K And N Engineering Inc - Riverside CA,20220326,7.51,8087020-01
8870817594625,620962,K And N Engineering Inc - Riverside CA,20220326,2.89,8085489-01
8870828003087,620962,K And N Engineering Inc - Riverside CA,20220326,29.93,8085817-01
8870816122300,620962,K And N Engineering Inc - Riverside CA,20220326,22.97,8084563-01
8870817390085,620962,K And N Engineering Inc - Riverside CA,20220326,7.02,8085349-01
8870792784773,620962,K And N Engineering Inc - Riverside CA,20220326,6.02,8083490-01
8870828184532,620962,K And N Engineering Inc - Riverside CA,20220326,21.48,8085876-01
8870805466076,620962,K And N Engineering Inc - Riverside CA,20220326,24.51,8084237-01
8870791769873,620962,K And N Engineering Inc - Riverside CA,20220326,2.89,8083048-01
8870803194393,620962,K And N Engineering Inc - Riverside CA,20220326,32.73,8083616-01
9870830211584,620962,K And N Engineering Inc - Riverside CA,20220326,21.56,8086977-01
8870791096071,620962,K And N Engineering Inc - Riverside CA,20220326,57.53,8082806-01
8870792080264,620962,K And N Engineering Inc - Riverside CA,20220326,5.41,8083174-01
9870843624618,620962,K And N Engineering Inc - Riverside CA,20220326,289.52,8088598-01
8870791883746,620962,K And N Engineering Inc - Riverside CA,20220326,6.32,8083127-01
8870792511497,620962,K And N Engineering Inc - Riverside CA,20220326,8.19,8083407-01
8870803180545,620962,K And N Engineering Inc - Riverside CA,20220326,6.02,8084333-01
9870854946567,620962,K And N Engineering Inc - Riverside CA,20220326,5.68,8089198-01
8870827091108,620962,K And N Engineering Inc - Riverside CA,20220326,21.48,8086306-01
8870829493538,620962,K And N Engineering Inc - Riverside CA,20220326,4,8086543-01
9870831609187,620962,K And N Engineering Inc - Riverside CA,20220326,36.76,8087615-01
8870792237637,620962,K And N Engineering Inc - Riverside CA,20220326,33.7,8083280-01
7870766014540,620962,K And N Engineering Inc - Riverside CA,20220326,6.02,8080326-01
9870854673612,620962,K And N Engineering Inc - Riverside CA,20220326,27.23,8089126-01
9870844338550,620962,K And N Engineering Inc - Riverside CA,20220326,261.95,8088911-01
8870829879812,620962,K And N Engineering Inc - Riverside CA,20220326,31.53,8086830-01
9870840447343,620962,K And N Engineering Inc - Riverside CA,20220326,5.78,8088760-01
9870854234742,620962,K And N Engineering Inc - Riverside CA,20220326,21.48,8089116-01
8870791872370,620962,K And N Engineering Inc - Riverside CA,20220326,1.92,8083041-01
8870805169416,620962,K And N Engineering Inc - Riverside CA,20220326,30.63,8084190-01
8870790605697,620962,K And N Engineering Inc - Riverside CA,20220326,32.63,8082687-01
9870854769399,620962,K And N Engineering Inc - Riverside CA,20220326,6.02,8089162-01
8870790629394,620962,K And N Engineering Inc - Riverside CA,20220326,6.24,8082697-01
8870780401260,620962,K And N Engineering Inc - Riverside CA,20220326,6.55,8082554-01
8870827656991,620962,K And N Engineering Inc - Riverside CA,20220326,7.65,8085930-01
9870844214287,620962,K And N Engineering Inc - Riverside CA,20220326,5.01,8088806-01
8870810881146,620962,K And N Engineering Inc - Riverside CA,20220326,33.7,8084340-01
9870843357667,620962,K And N Engineering Inc - Riverside CA,20220326,5.68,8088455-01
9870844007194,620962,K And N Engineering Inc - Riverside CA,20220326,5.24,8088732-01
9870844151944,620962,K And N Engineering Inc - Riverside CA,20220326,11.36,8088880-01
8870790493710,620962,K And N Engineering Inc - Riverside CA,20220326,2.14,8082726-01
8870803013592,620962,K And N Engineering Inc - Riverside CA,20220326,3.48,8083609-01
8870816489183,620962,K And N Engineering Inc - Riverside CA,20220326,14.99,8084900-01
8870829653622,620962,K And N Engineering Inc - Riverside CA,20220326,27.23,8086652-01
8870828410764,620962,K And N Engineering Inc - Riverside CA,20220326,27.23,8085949-01
9870843544051,620962,K And N Engineering Inc - Riverside CA,20220326,33.7,8088457-01
8870805329735,620962,K And N Engineering Inc - Riverside CA,20220326,39.2,8084254-01
8870816592168,620962,K And N Engineering Inc - Riverside CA,20220326,9.15,8084902-01
9870844310012,620962,K And N Engineering Inc - Riverside CA,20220326,6.24,8088882-01
8870790714556,620962,K And N Engineering Inc - Riverside CA,20220326,39.82,8082690-01
9870855900753,620962,K And N Engineering Inc - Riverside CA,20220326,5.41,8089551-01
9870843991574,620962,K And N Engineering Inc - Riverside CA,20220326,39.42,8088748-01
8870803310290,620962,K And N Engineering Inc - Riverside CA,20220326,7.51,8083647-01
9870844232649,620962,K And N Engineering Inc - Riverside CA,20220326,32.99,8088819-01
8870816325758,620962,K And N Engineering Inc - Riverside CA,20220326,73.53,8084823-01
9870844273574,620962,K And N Engineering Inc - Riverside CA,20220326,6.02,8088932-01
8870828382937,620962,K And N Engineering Inc - Riverside CA,20220326,5.41,8085937-01
7870776353317,620962,K And N Engineering Inc - Riverside CA,20220326,6.71,8080602-01
8870791309242,620962,K And N Engineering Inc - Riverside CA,20220326,12.76,8082916-01
7870766089766,620962,K And N Engineering Inc - Riverside CA,20220326,46.89,8080489-01
9870856206423,620962,K And N Engineering Inc - Riverside CA,20220326,6.93,8089671-01
9870844180009,620962,K And N Engineering Inc - Riverside CA,20220326,5.68,8088783-01
9870856117498,620962,K And N Engineering Inc - Riverside CA,20220326,31.53,8089659-01
8870828664077,620962,K And N Engineering Inc - Riverside CA,20220326,252.3,8086815-01
7870788673463,620962,K And N Engineering Inc - Riverside CA,20220326,6.02,8081736-01
8870828845349,620962,K And N Engineering Inc - Riverside CA,20220326,6.24,8086193-01
9870843948826,620962,K And N Engineering Inc - Riverside CA,20220326,5.01,8088666-01
8870828128584,620962,K And N Engineering Inc - Riverside CA,20220326,2.89,8085850-01
8870803035455,620962,K And N Engineering Inc - Riverside CA,20220326,36.76,8083595-01
9870831803069,620962,K And N Engineering Inc - Riverside CA,20220326,33.7,8087720-01
8870814142116,620962,K And N Engineering Inc - Riverside CA,20220326,2.8,8084556-01
7870764444450,620962,K And N Engineering Inc - Riverside CA,20220326,6.93,8079569-01
8870825681565,620962,K And N Engineering Inc - Riverside CA,20220326,10.72,8085875-01
8870829678349,620962,K And N Engineering Inc - Riverside CA,20220326,241.27,8086571-01
7870777347916,620962,K And N Engineering Inc - Riverside CA,20220326,8.6,8081060-01
8870804145911,620962,K And N Engineering Inc - Riverside CA,20220326,4.04,8083978-01
8870816167698,620962,K And N Engineering Inc - Riverside CA,20220326,36.76,8084786-01
9870831693487,620962,K And N Engineering Inc - Riverside CA,20220326,31.53,8087676-01
8870815888582,620962,K And N Engineering Inc - Riverside CA,20220326,31.53,8084470-01
9870831523004,620962,K And N Engineering Inc - Riverside CA,20220326,24.45,8087577-01
8870780314330,620962,K And N Engineering Inc - Riverside CA,20220326,6.12,8082384-01
8870817186409,620962,K And N Engineering Inc - Riverside CA,20220326,5.68,8085278-01
7870776460427,620962,K And N Engineering Inc - Riverside CA,20220326,3.95,8081507-02
9870856098346,620962,K And N Engineering Inc - Riverside CA,20220326,4.85,8089605-01
8870803062413,620962,K And N Engineering Inc - Riverside CA,20220326,3.16,8083689-01
8870828930522,620962,K And N Engineering Inc - Riverside CA,20220326,23.07,8086195-01
8870804490567,620962,K And N Engineering Inc - Riverside CA,20220326,3.79,8083860-01
8870803257675,620962,K And N Engineering Inc - Riverside CA,20220326,16.23,8083655-01
8870790910300,620962,K And N Engineering Inc - Riverside CA,20220326,4.41,8082779-01
7870799689517,620962,K And N Engineering Inc - Riverside CA,20220326,5.32,8082777-01
9870854390104,620962,K And N Engineering Inc - Riverside CA,20220326,33.7,8089015-01
8870827999790,620962,K And N Engineering Inc - Riverside CA,20220326,32.96,8085829-01
8870804825018,620962,K And N Engineering Inc - Riverside CA,20220326,4.04,8084043-01
8870817414300,620962,K And N Engineering Inc - Riverside CA,20220326,36.76,8085655-01
9870854508464,620962,K And N Engineering Inc - Riverside CA,20220326,5.78,8089017-01
9870842511798,620962,K And N Engineering Inc - Riverside CA,20220326,31.53,8088111-01
8870839696663,620962,K And N Engineering Inc - Riverside CA,20220326,32.3,8087735-01
9870854333530,620962,K And N Engineering Inc - Riverside CA,20220326,296.42,8088958-01
8870802912638,620962,K And N Engineering Inc - Riverside CA,20220326,5.41,8083532-01
8870790918741,620962,K And N Engineering Inc - Riverside CA,20220326,3.16,8082789-01
8870791058757,620962,K And N Engineering Inc - Riverside CA,20220326,3.23,8082815-01
8870828422513,620962,K And N Engineering Inc - Riverside CA,20220326,54.46,8085948-01
9870843518863,620962,K And N Engineering Inc - Riverside CA,20220326,24.51,8088496-01
8870804655449,620962,K And N Engineering Inc - Riverside CA,20220326,1.92,8084030-01
8870792501326,620962,K And N Engineering Inc - Riverside CA,20220326,27.26,8083398-01
7870819653210,620962,K And N Engineering Inc - Riverside CA,20220326,22.72,8084463-01
8870792256335,620962,K And N Engineering Inc - Riverside CA,20220326,67.4,8083261-01
8870792255890,620962,K And N Engineering Inc - Riverside CA,20220326,33.7,8083481-01
9870831576596,620962,K And N Engineering Inc - Riverside CA,20220326,24.51,8087579-01
8870792407673,620962,K And N Engineering Inc - Riverside CA,20220326,20.42,8083372-01
9870843248958,620962,K And N Engineering Inc - Riverside CA,20220326,30.63,8088353-01
9870840024314,620962,K And N Engineering Inc - Riverside CA,20220326,12.76,8088027-01
9870830498738,620962,K And N Engineering Inc - Riverside CA,20220326,47.65,8087069-01
8870829025886,620962,K And N Engineering Inc - Riverside CA,20220326,10.82,8086295-01
6870745524040,620962,K And N Engineering Inc - Riverside CA,20220326,13.85,8077080-01
9870854417256,620962,K And N Engineering Inc - Riverside CA,20220326,5.41,8088987-01
8870827604643,620962,K And N Engineering Inc - Riverside CA,20220326,6.24,8085932-01
9870841325266,620962,K And N Engineering Inc - Riverside CA,20220326,24.14,8088045-01
8870790569713,620962,K And N Engineering Inc - Riverside CA,20220326,2.89,8082673-01
8870792131970,620962,K And N Engineering Inc - Riverside CA,20220326,2.89,8083406-01
9870830156666,620962,K And N Engineering Inc - Riverside CA,20220326,10.27,8086933-01
8870804604446,620962,K And N Engineering Inc - Riverside CA,20220326,4.41,8083990-01
8870780258310,620962,K And N Engineering Inc - Riverside CA,20220326,50.46,8082383-01
7870788716148,620962,K And N Engineering Inc - Riverside CA,20220326,89.35,8081710-01
9870854748593,620962,K And N Engineering Inc - Riverside CA,20220326,30.63,8089131-01
8870792391040,620962,K And N Engineering Inc - Riverside CA,20220326,5.01,8083331-01
8870791985362,620962,K And N Engineering Inc - Riverside CA,20220326,33.7,8083173-01
9870830604411,620962,K And N Engineering Inc - Riverside CA,20220326,4.28,8087095-01
8870829647967,620962,K And N Engineering Inc - Riverside CA,20220326,27.23,8086700-01
8870790864312,620962,K And N Engineering Inc - Riverside CA,20220326,4.41,8082762-01
8870790765843,620962,K And N Engineering Inc - Riverside CA,20220326,32.51,8082788-01
7870788845359,620962,K And N Engineering Inc - Riverside CA,20220326,33.18,8082140-01
8870791640545,620962,K And N Engineering Inc - Riverside CA,20220326,39.82,8082973-01
8870815829574,620962,K And N Engineering Inc - Riverside CA,20220326,3.95,8084531-01
9870854281273,620962,K And N Engineering Inc - Riverside CA,20220326,33.68,8089042-01
8870816520917,620962,K And N Engineering Inc - Riverside CA,20220326,36.76,8084901-01
9870855614817,620962,K And N Engineering Inc - Riverside CA,20220326,33.02,8089454-01
9870854604376,620962,K And N Engineering Inc - Riverside CA,20220326,289.52,8089054-01
8870817166613,620962,K And N Engineering Inc - Riverside CA,20220326,4.41,8085277-01
8870790956773,620962,K And N Engineering Inc - Riverside CA,20220326,6.02,8082795-01
9870854947549,620962,K And N Engineering Inc - Riverside CA,20220326,34.69,8089220-01
8870802837138,620962,K And N Engineering Inc - Riverside CA,20220326,2.46,8083531-01
8870828226932,620962,K And N Engineering Inc - Riverside CA,20220326,44.16,8085908-01
8870790981216,620962,K And N Engineering Inc - Riverside CA,20220326,3.16,8082810-01
8870817349207,620962,K And N Engineering Inc - Riverside CA,20220326,6.12,8085366-01
9870844059059,620962,K And N Engineering Inc - Riverside CA,20220326,6.06,8088762-01
8870792509873,620962,K And N Engineering Inc - Riverside CA,20220326,24.51,8083433-01
8870829750886,620962,K And N Engineering Inc - Riverside CA,20220326,27.26,8086702-01
9870830253739,620962,K And N Engineering Inc - Riverside CA,20220326,12.76,8087105-01
9870842255455,620962,K And N Engineering Inc - Riverside CA,20220326,21.48,8088082-01
8870817675724,620962,K And N Engineering Inc - Riverside CA,20220326,21.48,8085664-01
9870844164420,620962,K And N Engineering Inc - Riverside CA,20220326,31.53,8088799-01
7870788974155,620962,K And N Engineering Inc - Riverside CA,20220326,5.24,8081791-01
8870805102495,620962,K And N Engineering Inc - Riverside CA,20220326,10.68,8084128-01
9870854720822,620962,K And N Engineering Inc - Riverside CA,20220326,6.32,8089135-01
9870831049544,620962,K And N Engineering Inc - Riverside CA,20220326,33.7,8087614-01
9870844197226,620962,K And N Engineering Inc - Riverside CA,20220326,24.51,8088881-01
9870832108391,620962,K And N Engineering Inc - Riverside CA,20220326,6.02,8087866-01
9870831479317,620962,K And N Engineering Inc - Riverside CA,20220326,34.07,8087576-01
9870855920458,620962,K And N Engineering Inc - Riverside CA,20220326,241.27,8089530-01
9870832218513,620962,K And N Engineering Inc - Riverside CA,20220326,5.88,8087933-01
7870775893552,620962,K And N Engineering Inc - Riverside CA,20220326,39.82,8081428-01
9870843580822,620962,K And N Engineering Inc - Riverside CA,20220326,32.56,8088537-01
8870791606830,620962,K And N Engineering Inc - Riverside CA,20220326,3.95,8083319-01
8870829542024,620962,K And N Engineering Inc - Riverside CA,20220326,2.99,8086485-01
7870765403711,620962,K And N Engineering Inc - Riverside CA,20220326,4.41,8080258-01
9870854704788,620962,K And N Engineering Inc - Riverside CA,20220326,6.06,8089128-01
9870854999395,620962,K And N Engineering Inc - Riverside CA,20220326,6.02,8089209-01
9870842537030,620962,K And N Engineering Inc - Riverside CA,20220326,6.46,8088083-01
8870805335622,620962,K And N Engineering Inc - Riverside CA,20220326,33.7,8084255-01
9870854506665,620962,K And N Engineering Inc - Riverside CA,20220326,20.42,8089016-01
9870842244824,620962,K And N Engineering Inc - Riverside CA,20220326,11.36,8087958-01
8870817659094,620962,K And N Engineering Inc - Riverside CA,20220326,40.84,8085581-01
8870827604452,620962,K And N Engineering Inc - Riverside CA,20220326,32.56,8085929-01
8870815860501,620962,K And N Engineering Inc - Riverside CA,20220326,3.23,8084464-01
8870802875251,620962,K And N Engineering Inc - Riverside CA,20220326,11.1,8083542-01
8870815795160,620962,K And N Engineering Inc - Riverside CA,20220326,24.51,8084454-01
7870776417339,620962,K And N Engineering Inc - Riverside CA,20220326,6.02,8080647-01
9870843399356,620962,K And N Engineering Inc - Riverside CA,20220326,67.4,8088456-01
9870854064936,620962,K And N Engineering Inc - Riverside CA,20220326,6.02,8089657-01
8870817217693,620962,K And N Engineering Inc - Riverside CA,20220326,3.56,8085347-01
8870817033738,620962,K And N Engineering Inc - Riverside CA,20220326,40.84,8085235-01
8870792311029,620962,K And N Engineering Inc - Riverside CA,20220326,36.76,8083371-01
8870815953540,620962,K And N Engineering Inc - Riverside CA,20220326,6.24,8084538-01
8870828334035,620962,K And N Engineering Inc - Riverside CA,20220326,7.02,8085914-01
8870829487159,620962,K And N Engineering Inc - Riverside CA,20220326,10.02,8086524-01
9870856053962,620962,K And N Engineering Inc - Riverside CA,20220326,33.7,8089647-01
8870780224532,620962,K And N Engineering Inc - Riverside CA,20220326,6.02,8082371-01
9870855577254,620962,K And N Engineering Inc - Riverside CA,20220326,4.46,8089398-01
8870803552348,620962,K And N Engineering Inc - Riverside CA,20220326,27.23,8083680-01
9870831687739,620962,K And N Engineering Inc - Riverside CA,20220326,33.7,8087694-01
9870854695863,620962,K And N Engineering Inc - Riverside CA,20220326,6.32,8089156-01
8870816377258,620962,K And N Engineering Inc - Riverside CA,20220326,39.82,8084830-01
8870829252813,620962,K And N Engineering Inc - Riverside CA,20220326,4.41,8086358-01
8870790649586,620962,K And N Engineering Inc - Riverside CA,20220326,5.24,8082799-01
8870812411268,620962,K And N Engineering Inc - Riverside CA,20220326,6.12,8084485-01
8870803414273,620962,K And N Engineering Inc - Riverside CA,20220326,39.42,8083662-01
8870792496709,620962,K And N Engineering Inc - Riverside CA,20220326,34.83,8083374-01
8870804135689,620962,K And N Engineering Inc - Riverside CA,20220326,40.84,8083814-01
8870791087394,620962,K And N Engineering Inc - Riverside CA,20220326,4.85,8082941-01
7870788522514,620962,K And N Engineering Inc - Riverside CA,20220326,6.02,8081617-01
9870830727961,620962,K And N Engineering Inc - Riverside CA,20220326,27.57,8087225-01
8870817053375,620962,K And N Engineering Inc - Riverside CA,20220326,6.02,8085236-01
8870790717748,620962,K And N Engineering Inc - Riverside CA,20220326,31.3,8082805-01
9870854275879,620962,K And N Engineering Inc - Riverside CA,20220326,33.02,8089053-01
8870815515922,620962,K And N Engineering Inc - Riverside CA,20220326,7.02,8084367-01
8870829644510,620962,K And N Engineering Inc - Riverside CA,20220326,111.16,8086570-01
8870816662895,620962,K And N Engineering Inc - Riverside CA,20220326,5.39,8084984-01
8870827999681,620962,K And N Engineering Inc - Riverside CA,20220326,38.5,8085828-01
8870827921887,620962,K And N Engineering Inc - Riverside CA,20220326,21.48,8085816-01
8870827073849,620962,K And N Engineering Inc - Riverside CA,20220326,82.72,8085848-01
8870815630954,620962,K And N Engineering Inc - Riverside CA,20220326,36.76,8084347-01
9870856320588,620962,K And N Engineering Inc - Riverside CA,20220326,44.2,8089722---2
7870766153211,620962,K And N Engineering Inc - Riverside CA,20220326,18.06,8080491-01
8870816324151,620962,K And N Engineering Inc - Riverside CA,20220326,24.51,8084781-01
8870805299196,620962,K And N Engineering Inc - Riverside CA,20220326,39.82,8084222-01
7870776563986,620962,K And N Engineering Inc - Riverside CA,20220326,5.78,8080703-01
8870791696173,620962,K And N Engineering Inc - Riverside CA,20220326,33.7,8082996-01
8870791389976,620962,K And N Engineering Inc - Riverside CA,20220326,57.43,8082942-01
9870831149386,620962,K And N Engineering Inc - Riverside CA,20220326,6.24,8087407-01
8870804277075,620962,K And N Engineering Inc - Riverside CA,20220326,6.63,8083842-01
9870843191373,620962,K And N Engineering Inc - Riverside CA,20220326,6.02,8088335-01
8870790749692,620962,K And N Engineering Inc - Riverside CA,20220326,63.87,8082770-01
8870790805673,620962,K And N Engineering Inc - Riverside CA,20220326,12.04,8082787-01
8870815590762,620962,K And N Engineering Inc - Riverside CA,20220326,5.9,8084709-01
8870816148853,620962,K And N Engineering Inc - Riverside CA,20220326,10.02,8084715-01
8870790601026,620962,K And N Engineering Inc - Riverside CA,20220326,6.71,8082665-01
8870813405694,620962,K And N Engineering Inc - Riverside CA,20220326,3.48,8085412-01
8870817724225,620962,K And N Engineering Inc - Riverside CA,20220326,5.72,8085513-01
8870805468838,620962,K And N Engineering Inc - Riverside CA,20220326,7.02,8084273-01
9870843926384,620962,K And N Engineering Inc - Riverside CA,20220326,31.3,8088891-01
9870831682129,620962,K And N Engineering Inc - Riverside CA,20220326,3.96,8087597-01
8870790607768,620962,K And N Engineering Inc - Riverside CA,20220326,36.23,8082696-01
8870828967150,620962,K And N Engineering Inc - Riverside CA,20220326,7.02,8086610-01
8870817328525,620962,K And N Engineering Inc - Riverside CA,20220326,39.82,8085434-01
9870831259574,620962,K And N Engineering Inc - Riverside CA,20220326,6.24,8087503-01
9870854554499,620962,K And N Engineering Inc - Riverside CA,20220326,32.71,8089019-01
8870828907897,620962,K And N Engineering Inc - Riverside CA,20220326,241.27,8086241-01
9870854799460,620962,K And N Engineering Inc - Riverside CA,20220326,22.97,8089158-01
8870814411359,620962,K And N Engineering Inc - Riverside CA,20220326,12.04,8084525-01
8870816187740,620962,K And N Engineering Inc - Riverside CA,20220326,33.7,8084780-01
9870854605103,620962,K And N Engineering Inc - Riverside CA,20220326,5.39,8089106-01
9870854731114,620962,K And N Engineering Inc - Riverside CA,20220326,5.41,8089148-01
9870830053736,620962,K And N Engineering Inc - Riverside CA,20220326,32.95,8086932-01
9870820008182,620962,K And N Engineering Inc - Riverside CA,20220326,18.06,8086832-01
7870789868887,620962,K And N Engineering Inc - Riverside CA,20220326,6.71,8082536-01
8870803965768,620962,K And N Engineering Inc - Riverside CA,20220326,3.59,8083765-01
8870790698175,620962,K And N Engineering Inc - Riverside CA,20220326,5.78,8082658-01
8870803095920,620962,K And N Engineering Inc - Riverside CA,20220326,7.02,8083628-01
9870843543233,620962,K And N Engineering Inc - Riverside CA,20220326,27.26,8088536-01
9870841189311,620962,K And N Engineering Inc - Riverside CA,20220326,3.48,8088073-01
7870777654834,620962,K And N Engineering Inc - Riverside CA,20220326,24.51,8081125-01
9870830181554,620962,K And N Engineering Inc - Riverside CA,20220326,4.41,8086976-01
8870839601612,620962,K And N Engineering Inc - Riverside CA,20220326,5.41,8087317-01
8870780084507,620962,K And N Engineering Inc - Riverside CA,20220326,6.71,8082298-01
8870790641218,620962,K And N Engineering Inc - Riverside CA,20220326,24.51,8082689-01
7870798751195,620962,K And N Engineering Inc - Riverside CA,20220326,241.27,8082794-01
9870854418922,620962,K And N Engineering Inc - Riverside CA,20220326,27.57,8088980-01
8870817740583,620962,K And N Engineering Inc - Riverside CA,20220326,39.42,8085656-01
9870842398657,620962,K And N Engineering Inc - Riverside CA,20220326,39.82,8088008-01
8870791045180,620962,K And N Engineering Inc - Riverside CA,20220326,4,8082824-01
9870855922359,620962,K And N Engineering Inc - Riverside CA,20220326,33.7,8089531-01
7870764562105,620962,K And N Engineering Inc - Riverside CA,20220326,6.71,8079596-01
9870856109880,620962,K And N Engineering Inc - Riverside CA,20220326,5.01,8089658-01
9870830384508,620962,K And N Engineering Inc - Riverside CA,20220326,310.21,8087026-01
8870805155839,620962,K And N Engineering Inc - Riverside CA,20220326,2.89,8084189-01
8870838190496,620962,K And N Engineering Inc - Riverside CA,20220326,45.95,8087033-01
8870817531181,620962,K And N Engineering Inc - Riverside CA,20220326,25.59,8085470-01
9870854705322,620962,K And N Engineering Inc - Riverside CA,20220326,31.82,8089147-01
9870843948530,620962,K And N Engineering Inc - Riverside CA,20220326,6.02,8088660-01
9870854879485,620962,K And N Engineering Inc - Riverside CA,20220326,9.99,8089189-01
8870792518500,620962,K And N Engineering Inc - Riverside CA,20220326,32.84,8083390-01
9870843513083,620962,K And N Engineering Inc - Riverside CA,20220326,3.79,8088495-01
8870792563096,620962,K And N Engineering Inc - Riverside CA,20220326,3.08,8083408-01
8870791043662,620962,K And N Engineering Inc - Riverside CA,20220326,274.55,8082857-01
9870854796986,620962,K And N Engineering Inc - Riverside CA,20220326,6.95,8089160-01
9870832104922,620962,K And N Engineering Inc - Riverside CA,20220326,6.02,8087888-01
8870815910601,620962,K And N Engineering Inc - Riverside CA,20220326,42.89,8084486-01
7870788541782,620962,K And N Engineering Inc - Riverside CA,20220326,36.76,8081705-01
9870855315162,620962,K And N Engineering Inc - Riverside CA,20220326,3.16,8089312-01
9870844164419,620962,K And N Engineering Inc - Riverside CA,20220326,24.51,8088798-01
7870777572397,620962,K And N Engineering Inc - Riverside CA,20220326,7.18,8081078-01
8870828002306,620962,K And N Engineering Inc - Riverside CA,20220326,13.1,8085777-01
9870854624767,620962,K And N Engineering Inc - Riverside CA,20220326,7.02,8089080-01
9870841189883,620962,K And N Engineering Inc - Riverside CA,20220326,3.23,8088096-01
9870853395408,620962,K And N Engineering Inc - Riverside CA,20220326,3.48,8089139-01
8870815795159,620962,K And N Engineering Inc - Riverside CA,20220326,31.53,8084453-01
8870804370659,620962,K And N Engineering Inc - Riverside CA,20220326,5.68,8083843-01
8870791027113,620962,K And N Engineering Inc - Riverside CA,20220326,30.63,8082818-01
8870828077041,620962,K And N Engineering Inc - Riverside CA,20220326,2.89,8085837-01
8870790958678,620962,K And N Engineering Inc - Riverside CA,20220326,21.48,8082796-01
